,K-Nearest Neighbor,Naive Bayes,Logistic Regression,Linear Discriminant Analysis,Support Vector Machine,Random Forest,Random Forest with Feature Selection,Multi-layer Perceptron
Accuracy,0.5245242879092306,0.5655359886538234,0.5468620730410118,0.48493085923649687,0.5251152346058385,0.6585509986999173,0.6559508332348423,0.6553598865382343
Macro Precision,0.4823232508946898,0.5235611860248599,0.5172096532308287,0.46920149047883924,0.46915448356994405,0.6591389561199381,0.6519171540854666,0.6556475288294978
Macro Recall,0.4804030186474188,0.5349911000998626,0.4860766108026722,0.4429502628266728,0.45128292826045796,0.6033285295200613,0.60003769316847,0.5943057160700594
Macro F1,0.47442198260223195,0.5219531384203846,0.48070664200252367,0.43691065048467886,0.4255886046246591,0.6099862218479423,0.6065235304296136,0.5996247063330603
Weighted F1,0.5107503498263664,0.5546685381531898,0.5262210530849423,0.4701207131825362,0.47940179250078513,0.6470935827857177,0.6442489585671958,0.6411816136630489
